                  epoch,         train/box_loss,         train/cls_loss,         train/dfl_loss,   metrics/precision(B),      metrics/recall(B),       metrics/mAP50(B),    metrics/mAP50-95(B),           val/box_loss,           val/cls_loss,           val/dfl_loss,                 lr/pg0,                 lr/pg1,                 lr/pg2
                      0,                 3.2393,                 4.3835,                 4.1212,                0.00139,                0.17824,                0.00486,                0.00103,                      0,                    inf,                      0,               0.070227,              0.0033081,              0.0033081
                      1,                 3.0083,                  3.938,                 3.7259,                 0.7196,                0.03913,                 0.0189,                 0.0072,                      0,                    inf,                      0,               0.040162,              0.0065757,              0.0065757
                      2,                 2.5764,                 3.6147,                 3.1747,                0.64441,                0.04638,                 0.0336,                0.01792,                      0,                    inf,                      0,                0.01003,              0.0097772,              0.0097772
                      3,                 2.2533,                 3.3128,                 2.7826,                0.30353,                0.14196,                0.07463,                0.03641,                      0,                    inf,                      0,               0.009703,               0.009703,               0.009703
                      4,                 1.9146,                 2.9451,                 2.4482,                0.29559,                0.12388,                0.07754,                0.03784,                      0,                    inf,                      0,               0.009703,               0.009703,               0.009703
                      5,                 1.7132,                 2.6847,                 2.2499,                0.49565,                0.16072,                0.15779,                0.06248,                      0,                    inf,                      0,               0.009604,               0.009604,               0.009604
                      6,                 1.6284,                 2.5615,                 2.1551,                0.44404,                0.19029,                0.12554,                 0.0567,                      0,                    inf,                      0,               0.009505,               0.009505,               0.009505
                      7,                 1.5717,                 2.4427,                 2.0978,                0.45163,                0.17318,                0.13992,                0.07201,                      0,                    inf,                      0,               0.009406,               0.009406,               0.009406
                      8,                 1.5726,                 2.3832,                 2.0748,                0.53073,                0.19848,                0.12834,                0.06031,                      0,                    inf,                      0,               0.009307,               0.009307,               0.009307
                      9,                 1.5019,                 2.2937,                 2.0096,                0.46913,                0.19704,                0.15581,                 0.0823,                      0,                    inf,                      0,               0.009208,               0.009208,               0.009208
                     10,                 1.4697,                 2.2504,                 1.9846,                0.47188,                0.23303,                 0.1683,                 0.0828,                      0,                    inf,                      0,               0.009109,               0.009109,               0.009109
                     11,                  1.469,                  2.221,                 1.9714,                0.51618,                0.20997,                0.17321,                0.08518,                      0,                    inf,                      0,                0.00901,                0.00901,                0.00901
                     12,                  1.428,                 2.1406,                 1.9301,                0.47827,                0.19371,                0.15691,                 0.0823,                      0,                    inf,                      0,               0.008911,               0.008911,               0.008911
                     13,                 1.4161,                 2.0795,                  1.896,                0.53781,                0.20079,                0.18569,                0.09999,                      0,                    inf,                      0,               0.008812,               0.008812,               0.008812
                     14,                 1.4044,                 2.0915,                 1.9075,                 0.4907,                0.21677,                0.19267,                0.09954,                      0,                    inf,                      0,               0.008713,               0.008713,               0.008713
                     15,                 1.4078,                 2.0474,                 1.8984,                0.50217,                0.22733,                0.20695,                0.10121,                      0,                    inf,                      0,               0.008614,               0.008614,               0.008614
                     16,                 1.3546,                 1.9811,                 1.8521,                0.48834,                0.21044,                0.21247,                 0.1216,                      0,                    inf,                      0,               0.008515,               0.008515,               0.008515
                     17,                 1.3747,                 1.9974,                 1.8564,                0.54132,                 0.2225,                0.21529,                0.10506,                      0,                    inf,                      0,               0.008416,               0.008416,               0.008416
                     18,                 1.3733,                 1.9634,                 1.8378,                0.57935,                0.24212,                0.22339,                0.10859,                      0,                    inf,                      0,               0.008317,               0.008317,               0.008317
                     19,                  1.367,                 1.9411,                 1.8372,                0.52664,                 0.2667,                0.23684,                 0.1183,                      0,                    inf,                      0,               0.008218,               0.008218,               0.008218
                     20,                 1.3345,                 1.8624,                 1.8017,                0.47046,                0.29577,                0.27486,                0.14973,                      0,                    inf,                      0,               0.008119,               0.008119,               0.008119
                     21,                 1.3047,                  1.889,                 1.7889,                0.55812,                0.27857,                0.24512,                0.12139,                      0,                    inf,                      0,                0.00802,                0.00802,                0.00802
                     22,                 1.3143,                 1.8583,                 1.7747,                 0.5413,                0.29291,                0.24682,                0.12525,                      0,                    inf,                      0,               0.007921,               0.007921,               0.007921
                     23,                 1.3088,                 1.8318,                 1.7749,                0.55321,                0.28183,                0.24845,                0.12181,                      0,                    inf,                      0,               0.007822,               0.007822,               0.007822
                     24,                 1.3205,                 1.8313,                 1.7804,                0.59687,                0.28295,                0.25756,                0.12961,                      0,                    inf,                      0,               0.007723,               0.007723,               0.007723
                     25,                 1.2764,                  1.793,                 1.7567,                0.57186,                0.28601,                0.24219,                0.12115,                      0,                    inf,                      0,               0.007624,               0.007624,               0.007624
                     26,                 1.2812,                   1.77,                 1.7571,                0.51313,                0.25028,                0.24904,                0.11948,                      0,                    inf,                      0,               0.007525,               0.007525,               0.007525
                     27,                 1.2787,                 1.7399,                 1.7498,                0.60455,                0.22341,                0.23608,                0.11701,                      0,                    inf,                      0,               0.007426,               0.007426,               0.007426
                     28,                 1.2926,                 1.7413,                 1.7503,                 0.5885,                0.27505,                0.25789,                0.12754,                      0,                    inf,                      0,               0.007327,               0.007327,               0.007327
                     29,                 1.2748,                 1.7584,                 1.7387,                0.45851,                0.27499,                0.25008,                0.12558,                      0,                    inf,                      0,               0.007228,               0.007228,               0.007228
                     30,                  1.264,                 1.7067,                 1.7261,                 0.5136,                 0.2762,                0.26438,                0.13107,                      0,                    inf,                      0,               0.007129,               0.007129,               0.007129
                     31,                  1.257,                 1.6913,                 1.7263,                0.47698,                0.30823,                 0.2957,                0.16333,                      0,                    inf,                      0,                0.00703,                0.00703,                0.00703
                     32,                 1.2378,                 1.6509,                 1.7022,                 0.5795,                 0.2809,                0.26836,                0.13048,                      0,                    inf,                      0,               0.006931,               0.006931,               0.006931
                     33,                 1.2273,                 1.6457,                  1.696,                0.58606,                0.32343,                0.28933,                0.14453,                      0,                    inf,                      0,               0.006832,               0.006832,               0.006832
                     34,                 1.2162,                 1.6089,                 1.6866,                0.52096,                0.29884,                0.26985,                0.13755,                      0,                    inf,                      0,               0.006733,               0.006733,               0.006733
                     35,                 1.2371,                   1.62,                 1.6982,                0.51457,                0.29387,                0.26863,                0.13489,                      0,                    inf,                      0,               0.006634,               0.006634,               0.006634
                     36,                 1.2143,                 1.6125,                 1.6893,                0.50573,                0.29236,                 0.3028,                0.16654,                      0,                    inf,                      0,               0.006535,               0.006535,               0.006535
                     37,                 1.2227,                 1.6034,                 1.6901,                0.60018,                0.28059,                0.27514,                0.13526,                      0,                    inf,                      0,               0.006436,               0.006436,               0.006436
                     38,                 1.2214,                 1.5705,                 1.6835,                0.50342,                0.28943,                0.26891,                0.13607,                      0,                    inf,                      0,               0.006337,               0.006337,               0.006337
                     39,                 1.2127,                 1.5552,                  1.678,                0.64915,                0.27188,                  0.314,                0.16926,                      0,                    inf,                      0,               0.006238,               0.006238,               0.006238
                     40,                 1.2146,                 1.5628,                 1.6703,                0.51432,                0.32109,                0.31315,                0.16474,                      0,                    inf,                      0,               0.006139,               0.006139,               0.006139
                     41,                 1.1969,                 1.5409,                 1.6677,                0.52787,                0.30823,                 0.3229,                0.17471,                      0,                    inf,                      0,                0.00604,                0.00604,                0.00604
                     42,                 1.1755,                  1.502,                 1.6405,                0.53482,                0.30315,                0.30108,                0.14889,                      0,                    inf,                      0,               0.005941,               0.005941,               0.005941
                     43,                   1.17,                 1.5118,                 1.6393,                0.63536,                0.26624,                0.26902,                0.13535,                      0,                    inf,                      0,               0.005842,               0.005842,               0.005842
                     44,                  1.188,                 1.5059,                 1.6522,                0.55141,                0.26794,                0.32141,                0.17157,                      0,                    inf,                      0,               0.005743,               0.005743,               0.005743
                     45,                 1.1619,                 1.4499,                 1.6344,                0.52981,                0.26421,                0.30538,                0.15239,                      0,                    inf,                      0,               0.005644,               0.005644,               0.005644
                     46,                 1.1623,                 1.4683,                 1.6323,                 0.5669,                0.26693,                0.30159,                0.16295,                      0,                    inf,                      0,               0.005545,               0.005545,               0.005545
                     47,                  1.163,                 1.4686,                 1.6307,                0.56356,                0.28897,                0.29954,                0.15201,                      0,                    inf,                      0,               0.005446,               0.005446,               0.005446
                     48,                 1.1392,                 1.4282,                 1.6188,                 0.4814,                 0.2963,                0.31479,                0.17488,                      0,                    inf,                      0,               0.005347,               0.005347,               0.005347
                     49,                 1.1401,                 1.4273,                 1.6207,                0.55774,                0.31163,                0.29122,                0.14516,                      0,                    inf,                      0,               0.005248,               0.005248,               0.005248
                     50,                 1.1321,                 1.3994,                 1.6103,                0.57698,                0.28598,                0.31285,                0.15502,                      0,                    inf,                      0,               0.005149,               0.005149,               0.005149
                     51,                 1.1384,                 1.3927,                 1.6139,                0.54273,                0.30499,                0.30773,                0.15131,                      0,                    inf,                      0,                0.00505,                0.00505,                0.00505
                     52,                 1.1362,                  1.393,                 1.6074,                0.55187,                 0.3011,                0.31593,                0.16665,                      0,                    inf,                      0,               0.004951,               0.004951,               0.004951
                     53,                 1.1161,                 1.3865,                 1.5981,                0.49483,                0.30059,                0.27489,                 0.1366,                      0,                    inf,                      0,               0.004852,               0.004852,               0.004852
                     54,                 1.1201,                 1.3678,                 1.5892,                0.58164,                0.30425,                0.32568,                 0.1709,                      0,                    inf,                      0,               0.004753,               0.004753,               0.004753
                     55,                 1.1127,                 1.3345,                 1.5827,                0.43644,                0.33282,                0.30997,                0.15901,                      0,                    inf,                      0,               0.004654,               0.004654,               0.004654
                     56,                 1.1099,                 1.3403,                 1.5868,                0.55011,                0.29548,                0.28935,                0.14358,                      0,                    inf,                      0,               0.004555,               0.004555,               0.004555
                     57,                 1.0918,                 1.3236,                 1.5718,                0.49431,                0.30507,                0.28302,                0.14039,                      0,                    inf,                      0,               0.004456,               0.004456,               0.004456
                     58,                 1.1178,                 1.3321,                 1.5853,                 0.4994,                0.32972,                0.28641,                0.14476,                      0,                    inf,                      0,               0.004357,               0.004357,               0.004357
                     59,                 1.0877,                 1.3036,                 1.5619,                0.50081,                0.31127,                0.30027,                0.14875,                      0,                    inf,                      0,               0.004258,               0.004258,               0.004258
                     60,                 1.0849,                 1.2814,                 1.5576,                0.50167,                0.31711,                0.28894,                0.14272,                      0,                    inf,                      0,               0.004159,               0.004159,               0.004159
                     61,                 1.0797,                 1.2795,                 1.5613,                0.52485,                0.30358,                0.29801,                0.15131,                      0,                    inf,                      0,                0.00406,                0.00406,                0.00406
                     62,                 1.0778,                 1.2739,                  1.567,                 0.5262,                0.35319,                0.30472,                0.15126,                      0,                    inf,                      0,               0.003961,               0.003961,               0.003961
                     63,                 1.0786,                 1.2822,                 1.5624,                0.56324,                0.29646,                 0.3021,                0.14665,                      0,                    inf,                      0,               0.003862,               0.003862,               0.003862
                     64,                 1.0634,                 1.2504,                 1.5461,                0.54838,                0.30303,                0.30665,                0.13912,                      0,                    inf,                      0,               0.003763,               0.003763,               0.003763
                     65,                 1.0564,                  1.228,                 1.5334,                0.55635,                0.30473,                 0.3276,                0.16182,                      0,                    inf,                      0,               0.003664,               0.003664,               0.003664
                     66,                 1.0457,                 1.2188,                 1.5285,                0.57277,                0.29097,                 0.3295,                 0.1774,                      0,                    inf,                      0,               0.003565,               0.003565,               0.003565
                     67,                 1.0452,                 1.1935,                 1.5328,                0.48999,                0.33596,                0.28866,                0.14575,                      0,                    inf,                      0,               0.003466,               0.003466,               0.003466
                     68,                 1.0424,                 1.2026,                 1.5273,                0.57859,                0.26244,                0.28627,                0.14005,                      0,                    inf,                      0,               0.003367,               0.003367,               0.003367
                     69,                  1.032,                 1.1948,                 1.5172,                0.53671,                0.30115,                0.29037,                0.14267,                      0,                    inf,                      0,               0.003268,               0.003268,               0.003268
                     70,                 1.0192,                 1.1437,                 1.5031,                0.54292,                0.30338,                0.29973,                0.14913,                      0,                    inf,                      0,               0.003169,               0.003169,               0.003169
                     71,                 1.0215,                 1.1723,                 1.5112,                0.63678,                0.27951,                0.31268,                0.15562,                      0,                    inf,                      0,                0.00307,                0.00307,                0.00307
                     72,                 1.0145,                 1.1498,                 1.5072,                0.61449,                0.27272,                0.30013,                0.14475,                      0,                    inf,                      0,               0.002971,               0.002971,               0.002971
                     73,                 1.0075,                 1.1256,                 1.4935,                 0.5203,                0.30889,                0.29064,                0.13691,                      0,                    inf,                      0,               0.002872,               0.002872,               0.002872
                     74,                 1.0067,                 1.1227,                  1.488,                0.56388,                 0.2788,                0.28048,                0.13884,                      0,                    inf,                      0,               0.002773,               0.002773,               0.002773
                     75,                 1.0024,                 1.1119,                 1.4806,                0.53273,                0.32607,                0.29284,                0.14555,                      0,                    inf,                      0,               0.002674,               0.002674,               0.002674
                     76,                0.97847,                 1.1009,                 1.4696,                0.54305,                0.31814,                 0.3077,                0.15015,                      0,                    inf,                      0,               0.002575,               0.002575,               0.002575
                     77,                0.98717,                  1.094,                 1.4653,                0.59688,                0.29831,                0.30179,                0.14455,                      0,                    inf,                      0,               0.002476,               0.002476,               0.002476
                     78,                0.98857,                 1.1011,                 1.4772,                0.56383,                0.31621,                0.33749,                0.16678,                      0,                    inf,                      0,               0.002377,               0.002377,               0.002377
                     79,                0.97631,                 1.0758,                 1.4641,                0.55055,                0.30377,                0.29869,                0.14206,                      0,                    inf,                      0,               0.002278,               0.002278,               0.002278
                     80,                0.97351,                 1.0739,                 1.4546,                0.57508,                0.31491,                0.29984,                0.14296,                      0,                    inf,                      0,               0.002179,               0.002179,               0.002179
                     81,                0.95889,                 1.0671,                 1.4575,                0.53458,                0.29863,                0.27207,                0.12988,                      0,                    inf,                      0,                0.00208,                0.00208,                0.00208
                     82,                0.97017,                 1.0348,                 1.4534,                0.55644,                0.29882,                0.29023,                0.13507,                      0,                    inf,                      0,               0.001981,               0.001981,               0.001981
                     83,                0.93594,                 1.0201,                 1.4386,                0.45436,                0.30243,                0.29547,                0.14124,                      0,                    inf,                      0,               0.001882,               0.001882,               0.001882
                     84,                0.95562,                 1.0283,                 1.4422,                0.59063,                0.28592,                0.30082,                0.14616,                      0,                    inf,                      0,               0.001783,               0.001783,               0.001783
                     85,                0.96887,                 1.0497,                 1.4524,                0.54095,                0.27758,                0.28758,                0.13877,                      0,                    inf,                      0,               0.001684,               0.001684,               0.001684
                     86,                0.93294,                 1.0014,                 1.4283,                0.54411,                0.27781,                0.26791,                0.13181,                      0,                    inf,                      0,               0.001585,               0.001585,               0.001585
                     87,                0.93538,                 1.0161,                 1.4325,                0.57471,                0.30716,                0.29631,                0.14111,                      0,                    inf,                      0,               0.001486,               0.001486,               0.001486
                     88,                0.93333,                 1.0024,                 1.4218,                0.46134,                0.31625,                 0.2907,                0.13818,                      0,                    inf,                      0,               0.001387,               0.001387,               0.001387
                     89,                0.93079,                0.99825,                  1.425,                0.54178,                 0.3207,                0.28953,                0.13754,                      0,                    inf,                      0,               0.001288,               0.001288,               0.001288
                     90,                0.87005,                0.86641,                  1.448,                 0.5513,                0.30147,                0.29587,                0.14099,                      0,                    inf,                      0,               0.001189,               0.001189,               0.001189
                     91,                0.84284,                0.81758,                 1.4264,                0.56616,                0.29737,                0.28431,                0.13908,                      0,                    inf,                      0,                0.00109,                0.00109,                0.00109
                     92,                0.80338,                 0.7545,                 1.3953,                0.62399,                 0.2772,                0.30561,                0.14588,                      0,                    inf,                      0,               0.000991,               0.000991,               0.000991
                     93,                0.81981,                0.75492,                 1.4089,                0.69209,                0.26368,                 0.2964,                0.14936,                      0,                    inf,                      0,               0.000892,               0.000892,               0.000892
                     94,                0.79188,                0.72842,                 1.3746,                0.55119,                0.29839,                  0.291,                0.14544,                      0,                    inf,                      0,               0.000793,               0.000793,               0.000793
                     95,                0.77828,                0.71491,                 1.3677,                0.59326,                0.28572,                0.29341,                0.14509,                      0,                    inf,                      0,               0.000694,               0.000694,               0.000694
                     96,                0.77112,                0.71203,                 1.3749,                0.59634,                0.28747,                0.29247,                0.14662,                      0,                    inf,                      0,               0.000595,               0.000595,               0.000595
                     97,                  0.761,                0.69798,                 1.3521,                0.55479,                0.30046,                0.29441,                0.14844,                      0,                    inf,                      0,               0.000496,               0.000496,               0.000496
                     98,                0.75762,                0.68924,                 1.3486,                0.57586,                 0.2862,                0.29465,                0.14684,                      0,                    inf,                      0,               0.000397,               0.000397,               0.000397
                     99,                 0.7386,                0.68208,                 1.3313,                0.55763,                0.29028,                0.29041,                 0.1432,                      0,                    inf,                      0,               0.000298,               0.000298,               0.000298
